{
  "$schema": "http://json-schema.org/draft-07/schema#",
  "title": "CanaryCompletedEvent",
  "type": "object",
  "properties": {
    "canary_run_id": { "type": "string" },
    "status": { "type": "string", "enum": ["PASS", "FAIL"] },
    "error_rate": { "type": "number" },
    "anomaly_score": { "type": "number" },
    "downstream_impact_detected": { "type": "boolean" },
    "rollback_triggered": { "type": "boolean" },
    "error_message": { "type": ["string", "null"] },
    "completed_at": { "type": "string", "format": "date-time" }
  },
  "required": ["canary_run_id", "status", "completed_at"]
}


Python