{
  "$schema": "http://json-schema.org/draft-07/schema#",
  "title": "DriftDetectedEvent",
  "type": "object",
  "properties": {
    "incident_id": { "type": "string" },
    "drift_type": { "type": "string" },
    "risk_level": { "type": "string", "enum": ["LOW", "MEDIUM", "HIGH"] },
    "schema_before": { "type": "object" },
    "schema_after": { "type": "object" },
    "detected_at": { "type": "string", "format": "date-time" }
  },
  "required": ["incident_id", "drift_type", "risk_level", "schema_before", "schema_after", "detected_at"]
}


JSON