{
  "$schema": "http://json-schema.org/draft-07/schema#",
  "title": "SandboxCompletedEvent",
  "type": "object",
  "properties": {
    "sandbox_run_id": { "type": "string" },
    "patch_manifest_id": { "type": "string" },
    "status": { "type": "string", "enum": ["PASS", "FAIL"] },
    "schema_ok": { "type": "boolean" },
    "dq_ok": { "type": "boolean" },
    "perf_ok": { "type": "boolean" },
    "error_message": { "type": ["string", "null"] },
    "completed_at": { "type": "string", "format": "date-time" }
  },
  "required": ["sandbox_run_id", "patch_manifest_id", "status", "completed_at"]
}


JSON