{
  "$schema": "http://json-schema.org/draft-07/schema#",
  "title": "Authentication API v1",
  "type": "object",
  "properties": {
    "LoginRequest": {
      "type": "object",
      "required": ["username", "password", "tenant_id"],
      "properties": {
        "username": { "type": "string", "minLength": 1 },
        "password": { "type": "string", "minLength": 1 },
        "tenant_id": { "type": "string", "minLength": 1 }
      },
      "additionalProperties": false
    },
    "LoginResponse": {
      "type": "object",
      "required": ["access_token", "refresh_token", "token_type", "expires_in", "user"],
      "properties": {
        "access_token": { "type": "string" },
        "refresh_token": { "type": "string" },
        "token_type": { "type": "string", "enum": ["bearer"] },
        "expires_in": { "type": "integer", "minimum": 1 },
        "user": {
          "type": "object",
          "required": ["id", "username", "email", "roles", "tenant_id"],
          "properties": {
            "id": { "type": "string", "format": "uuid" },
            "username": { "type": "string" },
            "email": { "type": "string", "format": "email" },
            "roles": {
              "type": "array",
              "items": { "type": "string", "enum": ["viewer", "operator", "approver", "admin"] }
            },
            "tenant_id": { "type": "string" }
          },
          "additionalProperties": false
        }
      },
      "additionalProperties": false
    }
  }
}